[
    {
        "title": "ceva",
        "start_row": 9,
        "day_col": 2,
        "duration": 1,
        "color": [
            117,
            250,
            103
        ]
    },
    {
        "title": "da",
        "start_row": 8,
        "day_col": 3,
        "duration": 2,
        "color": [
            198,
            210,
            184
        ]
    },
    {
        "title": "ceva",
        "start_row": 3,
        "day_col": 2,
        "duration": 4,
        "color": [
            117,
            250,
            103
        ]
    }
]